WKT,name,description
"POINT (18.2235483 46.0743285)",Csinos Presszó,Buci:
2021. 08. 27.

"POINT (12.5683371 55.6760968)",Copenhagen,Lina:
Random női WC
2022. 01. 22.
Buci:
Random WC
2022. 01. 22.
"POINT (42.7167927 43.1259916)",Chalaadi Glacier,Béla & Nubcake:
2023. 04. 25.
"POINT (3.9682055 39.9400886)",Minorca Island,Buci:
2023. 06. 21.
"POINT (13.404954 52.5200066)",Berlin,Lina:
2023. 08. 01.
"POINT (10.1801883 47.9837999)",Memmingen,Timi:
2023. 08. 12.
"POINT (19.0627932 47.476639)",A38,Buci:
Circa 2021.
2024. 09. 29.
Timi:
2024. 09. 29.
Petaki:
2024. 09. 29.
2024. 12. 30.
"POINT (4.3488172 50.8473524)",Szájer Ereszcsatorna,Béla:
2023. 08. 14.
2023. 08. 14.
2023. 08. 14.
ZsG:
2025. 05. 16.
"POINT (4.8999505 52.3740194)",Red Light District Amsterdam Centrum,Béla:
2023. 08. 16.
"POINT (100.5105901 13.7398586)",Bangkok Chinatown,Béla:
2023. 09. 21.
"POINT (99.7627085 19.8232669)",Wat Rong Khun - White Temple,Béla:
2023. 08. 26.
"POINT (14.0844033 46.3925348)",Vintgar Gorge,Timi:
2023. 09. 20.
"POINT (13.377704 52.5162746)",Brandenburg Gate,Buci:
2023. 09. 21.
"POINT (13.7967702 46.2927372)",Savica Waterfall,Timi:
2023. 09. 21.
"POINT (13.3787126 52.5139474)",Memorial to the Murdered Jews of Europe,Buci:
2023. 09. 21.
"POINT (13.3903913 52.5074434)",Checkpoint Charlie,Buci:
2023. 09. 21.
"POINT (13.8406469 46.2636448)",Vogel,Timi:
2023. 09. 21.
"POINT (13.3759441 52.5096488)",Potsdamer Platz,Buci:
2023. 09. 21.
"POINT (13.401078 52.5190608)",Berlin Cathedral,Buci:
2023. 09. 21.
"POINT (14.5057515 46.0569465)",Ljubljana,Timi:
2023. 09. 22.
"POINT (13.3453729 52.4990554)",Elefánt étterem gumiautomata,Buci:
2023. 09. 22.
"POINT (13.4429945 52.5110691)",Berghain | Panorama Bar,Buci:
2023. 09. 23.
"POINT (11.5819806 48.1351253)",Munich,Buci:
2023. 09. 24.
"POINT (13.05501 47.80949)",Salzburg,Buci:
2023. 09. 25.
"POINT (4.3570677 52.0115769)",Delft,Béla:
2023. 10. 02.

"POINT (5.9582384 52.2164308)",Apeldoorn,Béla:
2023. 10. 03.
"POINT (19.0534992 47.4731377)",Koli melletti zsír új raklap basz,Den:
2023. 10. 07.
"POINT (2.2944813 48.8583701)",Eiffel Tower,Domca:
2023. 10. 11.
"POINT (4.9123385 52.3742111)",NEMO Science Museum,Kopasz:
2023. 10. 29.
"POINT (4.9261789 52.3668648)",De Gooyer Molen (windmill),Kopasz:
2023. 10. 29.
"POINT (18.094313 47.036437)",Balatonkenese,Petaki:
2021. 07. 05.
2021. 08. 17.
2021. 08. 17.

"POINT (2.191063 41.397688)",Csicska ciqány disco,Buci:
2023. 04. 20.
"POINT (19.092813 47.487437)",Gólya Presszó,Petaki:
2022. 03. 11.
2025. 04. 11.
Timi:
2025. 04. 11.
"POINT (19.072688 47.483812)",Élesztő,Petaki:
2023. 09. 26.
Buci:
2024. 09. 07.
"POINT (19.053562 47.479188)",Műhely,Petaki:
2022. 03. 21.
"POINT (18.150432 46.144588)",Orfű,Buci:
2023. 09. 18.?
Petaki:
2024. 06. 28.

"POINT (19.0494655 47.4769231)",ZéHá Pub,Petaki:
2021. 09. 29.
"POINT (19.0555071 47.4980617)",MADHOUSE Bistro & Craft Beer Bar,Petaki:
2023. 10. 21.
"POINT (19.0643179 47.501343)",57-es számú italbolt,Petaki:
2023. 10. 05.
Petaki:
2024. 10. 02.
"POINT (19.0510208 47.4734588)",Hai Nam,Nubcake meg úgy igazából aki a képen van:
2019. 09. 31.
"POINT (6.201308 44.996422)",Les 2 Alpes,Kopasz:
2023. 01. 25.
"POINT (6.178212 44.985367)",Les 2 Alpes,Kopasz:
2023. 01. 25.
"POINT (19.0712554 47.4892631)",Club 32 Söröző,Timi:
2023. 11. 22.
"POINT (19.0733591 47.4888572)",Turbina Cultural Center,Timi:
2023. 11. 22.
Petaki:
2024. 09. 07.
Lina:
2024. 09. 14.
Buci:
2024. 10. 05.
Petaki:
2024. 10. 05.
Lina:
2024. 10. 27.
Buci:
2025. 01. 11.
Béla&Lina&Dominik (Béla haverja):
2025. 12. 28.
"POINT (19.0622513 47.4937172)",BTK,Lina:
2023. 11. 24.
"POINT (12.9757614 55.563317)",Malmö Hyllie,Béla:
2023. 12. 06.
"POINT (12.5836074 55.6723016)",Gyalogos hídgenyó ami ilyen körökből áll,Buci:
2023. 12. 08.
Béla & Kecso:
2023. 12. 08.
2023. 12. 08.

"POINT (10.39023 55.396067)",Odense Albani Torv,Buci:
2023. 12. 09.
"POINT (10.4271504 55.3683558)",SDU Odense,Buci:
2023. 12. 09.
"POINT (10.799561 55.324169)",Nyborg,Buci:
2023. 12. 10.
"POINT (12.5702249 55.6835326)",Bootleggers,Buci:
2023. 12. 11.
Béla:
2023. 12. 11.
"POINT (28.977745 41.007792)",Hagia Sophia,Den:
2023. 12. 12.
"POINT (12.5621014 55.6694724)",Øksnehallen,Béla:
2023. 12. 15.
"POINT (12.9996848 55.6076241)",Malmö C pályaudvar mellett,Béla:
2023. 12. 18.
2023. 12. 18.

"POINT (13.0003283 55.606416)",Malmö (fő)tér,Béla & ZsG & Cshéé:
2023. 12. 18.
"POINT (18.062107 59.3346859)",Stockholm,Béla & ZsG & Cshéé:
2023. 12. 19.
"POINT (18.0545117 59.3267999)",Stockholm városháza,Béla & ZsG & Cshéé:
2023. 12. 19.
2023. 12. 19.
2023. 12. 19.

"POINT (18.0691649 59.3244096)",Stockholm szűk utca,Béla & ZsG & Cshéé:
2023. 12. 19.
ZsG:
2025. 10. 06.
"POINT (18.0705899 59.3278679)",Stockholm Riksdag,Béla & ZsG & Cshéé:
2023. 12. 19.
"POINT (21.6887028 65.8251188)",Boden,Béla & ZsG & Cshéé:
2023. 12. 20.
"POINT (20.5966921 67.8497319)",ICEHOTEL,Béla & ZsG & Cshéé:
2023. 12. 20.
"POINT (17.441305555555555 68.44147222222223)",Narvik station,Béla & ZsG & Cshéé:
2023. 12. 21.
"POINT (17.42488888888889 68.43483333333333)",Narvik,Béla & ZsG & Cshéé:
2023. 12. 22.
2023. 12. 22.

"POINT (18.9866349 69.6484797)",Arctic cathedral,Béla & ZsG & Cshéé:
2023. 12. 22.
"POINT (18.9755277 69.6518825)",Tromsø Bridge,Béla & ZsG & Cshéé:
2023. 12. 22.
"POINT (20.1997673 67.8679441)",Kiruna,Béla & ZsG & Cshéé:
2023. 12. 20.
"POINT (19.0628638 47.4973031)",HOPS BEER BAR BUDAPEST,Petaki:
2023. 12. 21.
"POINT (14.1617692 47.6885395)",Hinterstoder sífelvonó,Kopasz:
2024. 01. 06.
2024. 01. 06.

"POINT (14.1709789 47.6787498)",Hutterer Böden,Kopasz:
2024. 01. 06.
2024. 01. 06.
2024. 01. 06.

"POINT (14.1672707 47.677134)",Bärenhütte, Hinterstoder Hutterer Boden,Kopasz:
2024. 01. 06.
2024. 01. 06.
"POINT (14.1635548 47.7061029)",Hinterstoder,Kopasz:
2024. 01. 06.
"POINT (14.1299257 47.691997)",Koglhofweg,Kopasz:
2024. 01. 06.
2024. 01. 06.
"POINT (4.886972222222222 52.361583333333336)",Amsterdam,Kopasz:
2023. 10. 27.
2023. 10. 27.

"POINT (12.5442791 55.697212)",Kapros kebabos,Béla:
2024. 01. 21.
"POINT (19.0706514 47.487058)",4-es 6-os Corvin,Timi:
2024. 01. 27.
"POINT (19.1057073 47.5018695)",Papp László Budapest Sportaréna,Timi:
2024. 01. 27.
"POINT (19.0601932 47.494775)",Ördögsarok,Timi:
2024. 01. 27.
"POINT (19.0615806 47.5096278)",Pótkulcs,Dandu:
2024. 02. 08.
"POINT (20.1924873 47.1745456)",Lúdláb bisztró,Béla:
2024. 02. 09.
2025. 03. 01.
"POINT (2.1756793 41.4017653)",BLACKBIRD Coffee Corner,Lina:
2024. 02. 11.
"POINT (2.1524973 41.3916259)",Paco Meralgo Restaurante,Lina:
2024. 02. 12.
"POINT (2.1654726 41.3637807)",Castell de Montjuïc tetőterasza
,Lina:
2024. 02. 13.
"POINT (20.0598869 47.9257545)",Elizabeth Park Hotel,Timi:
2024. 02. 16.
"POINT (20.009558 47.872462)",Kékestető,Timi:
2024. 02. 17.
"POINT (19.0560812 47.4917449)",Red Ruin,Den:
2024. 02. 20.

"POINT (6.222611111111111 44.99755555555556)",Les 2 Alpes,Kopasz:
2023. 01. 25.
"POINT (20.91277 47.309759)",Karcag, Kádas iskola,Béla:
2024. 02. 23.
"POINT (-0.1740134 51.4941429)",South Kensington Tube,Kopasz:
2024. 03. 02.
"POINT (-0.0848024 51.5042625)",London Bridge railway station platform 14,Kopasz:
2024. 03. 03.
"POINT (-0.0208941 51.5062156)",London North Dock,Kopasz:
2024. 03. 03.
"POINT (-0.0746529 51.5040825)",Tower Bridge,Kopasz:
2024. 03. 03.
"POINT (-0.0729668 51.5036474)",Tower Bridge,Kopasz:
2024. 03. 03.
"POINT (-0.0751706 51.5059367)",Tower Bridge,Kopasz:
2024. 03. 03.
"POINT (-0.0741547 51.5083986)",Tower of London,Kopasz:
2024. 03. 03.
"POINT (-0.0767591 51.5096671)",Tower of London,Kopasz:
2024. 03. 03.
"POINT (12.378812 51.343657)",Liepzig Hauptbahnhof,Petaki:
2023. 10. 11.
"POINT (12.378026 51.340778)",Nikolaikirche Liepzig,Petaki:
2023. 10. 11.
"POINT (12.374592 51.33988)",Marktplatz Leipzig,Petaki:
2023. 10. 11.

"POINT (12.373411 51.33988)",Thomaskirche,Petaki:
2023. 10. 11.

"POINT (12.373464 51.336992)",Neues Rathaus,Petaki:
2023. 10. 11.
"POINT (12.5620582 55.6870532)",Sliders,Béla:
2024. 03. 05.
"POINT (16.3528868 48.1976502)",Haus des Meeres,Buci:
2024. 03. 06.
2023. 03. 06.
"POINT (16.3539587 48.19858)",AmmutsØn Craft Beer Dive,Buci:
2024. 03. 06.
"POINT (121.4911401 31.2410053)",Shanghai,Béla:
2024. 03. 07. 
"POINT (121.4801826 31.2358159)",Nanjing Road,Béla:
2024. 03. 07. 
"POINT (121.4991888 31.239021)",Oriental pearl tower,Béla:
2024. 03. 07.
2024. 03. 07.
"POINT (121.0535072 31.1085423)",Chenghuang temple,Béla:
2024. 03. 11.
2024. 03. 11.
"POINT (121.4451206 31.2413465)",Jade Buddha Temple,Béla:
2024. 03. 12.
2024. 03. 12.
"POINT (116.4522146 39.9164987)",The Place,Béla:
2024. 03. 13.

"POINT (19.060478 47.4914808)",Mélypont Presszó,Buci:
2024. 03. 13.
Petaki:
2024. 10. 10.
2024. 10. 10.
"POINT (19.0513712 47.4784293)",Szavanna Ivó 😼,Buci:
2022. nyara
"POINT (116.3971621 39.9168038)",Forbidden City,Béla:
2024. 03. 15.
"POINT (116.2754606 39.9999823)",Summer Palace,Béla:
2024. 03. 16.
"POINT (10.6074068 45.4926022)",Sirmione centro storico,Kopasz:
2024. 03. 16.
"POINT (10.6079603 45.4933364)",Sirmione,Kopasz:
2024. 03. 16.
"POINT (10.6106767 45.4870646)",Sirmione,Kopasz:
2024. 03. 16.
"POINT (7.6866069 45.0710903)",Palazzo Madama,Kopasz:
2024. 03. 16.
"POINT (7.693761 45.070206)",Torinó,Kopasz:
2024. 03. 16.
"POINT (7.6918992 45.067856)",Torinó,Kopasz:
2024. 03. 16.
"POINT (7.6941174 45.0657421)",Torinó,Kopasz:
2024. 03. 16.
"POINT (116.5649297571465 40.43067087572268)",Kínai Nagy Fal Mutianyunál (10-es torony szerintem),Béla:
2024. 03. 14.
"POINT (6.5503517 44.9105256)",Serre chevalier felvonó teteje,Kopasz:
2024. 03. 18.
2024. 03. 18.
2024. 03. 18.
"POINT (4.458497 51.909171)",Rotterdam,Béla:
2024. 03. 19.

"POINT (6.5099747 44.9319801)",Col de la cucumelle,Kopasz:
2024. 03. 19.
2024. 03. 19.

"POINT (6.5592637 44.9066361)",Col de la Ricelle
,Kopasz:
2024. 03. 19.
"POINT (6.5293192 44.9070317)",Eychauda felvonó teteje
,Kopasz:
2024. 03. 22.
2024. 03. 22.

"POINT (6.4915798 44.9347357)",Yvet felvonó teteje,Kopasz:
2024. 03. 19.
2024. 03. 19.
"POINT (19.0231089 47.4656483)",Bohemian pub,Timi:
2024. 03. 30.
"POINT (7.2771217 43.6964059)",O’Neill’s Pub,Kecso:
2024. 05. 18.
"POINT (55.2932447 25.2645775)",Dubai Grand souk bejárata,Béla:
2024. 05. 19.
"POINT (55.3021573 25.2702908)",Dubai,Béla:
2024. 05. 19.
2024. 05. 19.
"POINT (55.2824896 25.2189152)",Museum of The Future,Béla:
2024. 05. 20.
"POINT (55.2743764 25.197197)",Burj Khalifa 125. emelet férfi wc,Béla:
2024. 05. 20.
"POINT (54.3769278 24.4975155)",Abu Dhabi,Béla:
2024. 05. 22.
"POINT (54.6454278 24.4267788)",Abu Dhabi reptér bezárt szárnya,Béla:
2024. 05. 25.
"POINT (14.3661492 35.9561307)",Malta: Mellieħa,Kopasz:
2024. 06. 01.
"POINT (14.4180724 35.9458594)",Malta: St. Paul's Bay,Kopasz:
2024. 06. 07.
"POINT (14.4011933 35.8841696)",Malta: Rabat/Mdina,Kopasz:
2024. 06. 07.
"POINT (14.4902181 35.9196688)",Malta: St. Julian's,Kopasz:
2024. 06. 07.
"POINT (14.5041046 35.9155161)",Malta: Sliema,Kopasz:
2024. 06. 07.
"POINT (14.3567242 35.9659356)",Malta: Mellieħa Bay
,Kopasz:
2024. 06. 07.
"POINT (14.5086285 35.8956117)",Malta: Valletta,Kopasz:
2024. 06. 07.
"POINT (14.5160146 35.8970705)",Malta: Valletta,Kopasz:
2024. 06. 07.
"POINT (14.5167562 35.8973486)",Malta: Valletta,Kopasz:
2024. 06. 07.
"POINT (20.225194444444444 39.16025)",Antipaxos,Felcser & ZsG:
2024. 06. 11.
"POINT (20.18541666666667 39.20008333333334)",Paxos,Felcser & ZsG:
2024. 06. 11.
"POINT (17.6688055 47.6947595)",Xantus János Állatkert,Timi & Alfi:
2024. 06. 12.
"POINT (17.6597275 47.5782862)",Lila-hegyi Kilátó (Geodéziai mérőtorony),Timi & Alfi:
2024. 06. 12.
"POINT (17.7640547 47.5477771)",Boldog Mór-kilátó,Timi & Alfi:
2024. 06. 13.
"POINT (19.708694444444443 39.67569444444444)",Paleokastritsa,Felcser & ZsG:
2024. 06. 14.
"POINT (19.9214621 39.7932946)",Kassiopi ,Felcser & ZsG:
2024. 06. 14.
"POINT (19.0572838 47.4598982)",Dürer Kert,Timi:
2024. 06. 14.
2024. 07. 20.
Petaki:
2024. 09. 07.
Lina:
2024. 11. 09.
Petaki:
2025. 05. 31.
2025. 06. 12.
"POINT (19.7027676 39.7920643)",Στάση Κτέλ,Felcser & ZsG:
2024. 06. 16.
"POINT (19.9163419 39.5906768)",Corfu Airport Planespotting Spot,Felcser & ZsG:
2024. 06. 16.
"POINT (19.0619206 47.4634799)",Kopaszi-gát,Timi:
2024. 06. 22.

"POINT (21.6093454 47.491503)",Debrecen International Airport,Bajusz:
2024. 06. 23.
"POINT (9.189638888888888 48.786027777777775)",Stuttgart Neckartor,Bajusz:
2024. 06. 23.
"POINT (9.222084 48.795661)",Stuttgart,Bajusz:
2024. 06. 23.
"POINT (9.2307739 48.7921266)",MHP arena stuttgart, 28B szektor, 15. Sor, 24es szek elotti korlat,Bajusz:
2024. 06. 23.
"POINT (19.262589 47.920905)",Romhány vasútállomás (buszmegálló),Timi:
2024. 07. 10.
Petaki, Gazsi, Szili, Buci:
2025. 07. 10.
"POINT (19.1849458 47.9211144)",Bánk vasútállomás,Petaki:
2024. 07. 12.
2024. 07. 12.

"POINT (9.188716 45.464008)",Milánói dóm,Kopasz:
2024. 07. 15.
"POINT (9.181386 45.468815)",Castello Sforzesco,Kopasz:
2024. 07. 15.
"POINT (9.181974 45.469372)",Milánó,Kopasz:
2024. 07. 15.
"POINT (19.0448539 47.4671314)",Innovation offices 3. emelet női mosdó bal oldali fülke,Timi:
2024. 07. 25.
"POINT (19.0969684 47.4770114)",Tilos Rádió cigiző,Lina:
2024. 07. 30.
"POINT (15.345572 44.282714)",Ražanac,Dandu:
2024. 08. 01.
"POINT (18.9804442 47.7937484)",Visegrád Castle - Citadel,Timi:
2024. 08. 02.
"POINT (15.228661 44.113056)",Zadar,Dandu:
2024. 08. 02.
"POINT (18.82277 47.829555)",Helemba,Timi:
2024. 08. 02.
"POINT (24.95276179694712 60.170060500838794)",Helsinki Cathedral,Lina:
2024. 08. 08.
"POINT (24.9136295 60.1581649)",Barley & Bait,Lina:
2024. 08. 08.
"POINT (14.27102 40.856211)",Nápoly,Kopasz:
2024. 08. 09.
"POINT (14.481952 40.696461)",Castellammare di Stabia,Kopasz:
2024. 08. 09.
"POINT (14.42293 40.820876)",Vezúv,Kopasz:
2024. 08. 09.
"POINT (14.484022 40.748768)",Pompei,Kopasz:
2024. 08. 09.
"POINT (14.485048 40.628921)",Positano,Kopasz:
2024. 08. 09.

"POINT (14.485267 40.627674)",Positano,Kopasz:
2024. 08. 09.
"POINT (24.94862 60.164744)",Kasarmitori/Eteläinen Makasiinikatu sarka,Lina:
2024. 08. 09.
"POINT (24.940377 60.166776)",Vanha kirkkopuisto,Lina:
2024. 08. 09.
"POINT (24.937122 60.173007)",Kansalaistori,Lina:
2024. 08. 09.
"POINT (24.9185301 60.1738218)",Etu-Töölö,Lina:
2024. 08. 09.
"POINT (12.609597 55.693824)",Reffen,Béla:
2024. 08. 10.
"POINT (12.532402 55.716519)",Shrek templom,Béla:
2024. 08. 11.
"POINT (18.1595947 46.9644088)",Lejtő Bár,Béla:
2024. 08. 16.
"POINT (19.0498209 47.4790307)",Wömbat Bagel,Lina:
2024. 08. 18.
Petaki:
2024. 10. 05.
"POINT (18.9543876 47.534289)",Csanádi tűzrakóhely,Timi & Alfi:
2024. 08. 19.
"POINT (18.9551711 47.5335739)",Kaán Károly-kilátó,Timi & Alfi:
2024. 08. 19.
Petaki nevtúrán:
2024. 09. 21.
2024. 09. 21.
"POINT (14.244525 40.548419)",Capri,Kopasz:
2024. 08. 09.
"POINT (14.375915 40.626411)",Sorrento,Kopasz:
2024. 08. 09.
"POINT (14.372762 40.628167)",Sorrento,Kopasz:
2024. 08. 09.
2024. 08. 09.

"POINT (14.376353526360266 40.626947923977916)",Sorrento,Kopasz:
2024. 08. 09.
"POINT (18.7610144 47.4421807)",Bajusz esküvője,Buci:
2024. 08. 31.
"POINT (21.6310362 47.5548209)",Víztoronykert,Dandu:
2024. 09. 01.
"POINT (14.0065678 47.5578574)",Tauplitz,Timi:
2024. 09. 03.
"POINT (13.998531 47.5954218)",Tauplitzalm berghof,Timi:
2024. 09. 04.
"POINT (13.99454 47.598259)",Großsee,Timi:
2024. 09. 04.
"POINT (13.6920417 47.528612)",5 Fingers,Timi:
2024. 09. 05.
"POINT (13.6473529 47.5571922)",Hallstatt,Timi:
2024. 09. 05.
"POINT (-80.1298101 25.7826366)",Miami beach,Bajusz & kedves Felesége:
2024. 09. 06.
"POINT (-80.19994444444445 25.800083333333333)",Miami Wynwood,Bajusz:
2024. 09. 07.

"POINT (19.0914837 47.4474772)",Arzenál,Buci:
2024. 09. 08.

"POINT (139.5563462 35.3259856)",Tsurugaoka Hachimangu,Béla:
2024. 09. 09.
2024. 09. 09.

"POINT (139.637566 35.455295)",Yokohama,Béla:
2024. 09. 09.

"POINT (139.7974218 35.7149461)",Asakusa Shrine,Béla:
2024. 09. 10.
2024. 09. 10.

"POINT (139.7752347 35.7113604)",Ueno,Béla:
2024. 09. 10.

"POINT (139.7721857 35.6981654)",Akihabara,Béla:
2024. 09. 10.

"POINT (136.6554249 36.5660731)",Oyama Shrine,Béla:
2024. 09. 12.
2024. 09. 12.

"POINT (136.9058092 36.2547973)",Hachiman Shrine Shirakawa,Béla:
2024. 09. 13.
2024. 09. 13.
2024. 09. 13.

"POINT (136.907568 36.2630895)",Ogimachi Castle Observation Deck,Béla:
2024. 09. 13.

"POINT (137.2594848 36.1400197)",Takayama,Béla:
2024. 09. 13.

"POINT (137.2599215 36.1439748)",Takayama Shōwa-kan Museum,Béla:
2024. 09. 14.
2024. 09. 14.

"POINT (135.676554 35.011685)",Kyoto, Arashiyama,Béla:
2024. 09. 15.

"POINT (18.7860806 47.97906)",Vadregény Vendégház,Buci:
2024. 09. 15.

"POINT (22.540092 48.094263)",Tarpa almás,Dandu:
2024. 09. 15.

"POINT (135.7300825 35.0401749)",Fudo-do Temple,Béla:
2024. 09. 16.
2024. 09. 16.

"POINT (135.7838454 34.9950535)",Kiyomizu-dera Sanjunoto (Three Story Pagoda),Béla:
2024. 09. 16.
2024. 09. 16.

"POINT (135.848222 34.6811729)",Nara park,Béla:
2024. 09. 16.
2024. 09. 16.

"POINT (135.780553 34.969819)",Fushimi Inari Taisha,Béla:
2024. 09. 17.
2024. 09. 17.

"POINT (135.5013222 34.669395)",Dotonbori,Béla:
2024. 09. 17.

"POINT (135.505052 34.670347)",Dilemma,Béla:
2024. 09. 18.

"POINT (19.0528426 47.4923505)",Három Holló,Dandu:
2024. 09. 18.

"POINT (139.703084 35.6715585)",Takeshita street,Béla:
2024. 09. 20.

"POINT (139.7005596 35.659482)",Shibuya Scramble Crossing,Béla:
2024. 09. 20.
2024. 09. 20.

"POINT (15.829654 47.732239)",Naturfreundehaus Knofeleben,Dandu&Pacso:
2024. 09. 22.

"POINT (18.2389901 45.8547801)",Harkány,Timi:
2024. 09. 22.

"POINT (19.0530664 47.4731856)",QPA 2024. Infopult,Timi:
2024. 09. 25.
"POINT (19.0462873 47.5406864)",Garden Kobuci,Buci&Petaki:
2024. 09. 28.
Timi:
2025. 06. 07.
"POINT (19.0777858 47.4832001)",Semmelweis Klinikák,Buci:
2024. 09. 28.
"POINT (19.0546235 47.5038348)",Toldi Klub,Petaki:
2024. 09. 28.
"POINT (16.0486272 47.8301005)",Skywalk Aussichtspunkt,Dandu&Pacso:
2024. 09. 21.
2024. 09. 21.
"POINT (18.9503087 47.4629451)",Kunyhó - Próbaterem és Stúdió,Lina:
2024. 10. 01.
"POINT (19.057495 47.4765899)",Karman Club,Petaki:
2024. 10. 03.

"POINT (-4.4120806 36.7225294)",Mirador de la Coracha,Kecso:
2024. 10. 09.
Béla&Nubcake&ZsG:
2025. 02. 09.
"POINT (19.0726637 47.4933923)",Café Csiga,Lina:
2024. 10. 09.

"POINT (19.0259772 47.5085995)",Gravity Boulder,Buci:
2024. 10. 10.
"POINT (19.0332525 47.4651272)",ARC közérzeti kiállítás 2024.,Buci:
2024. 10. 11.
Petaki:
2024. 10. 11.
"POINT (19.0700435 47.4903977)",Andersen Pub,Dandu:
2024. 10. 17.
"POINT (19.0751396 47.4415795)",Barba Negra,Petaki:
2024. 10. 19.
2025. 06. 06.
Timi:
2025. 06. 16.
"POINT (19.0680687 47.4998803)",Dopamin,Buci:
2024. 10. 20.

"POINT (19.0530287 47.4730317)",Schönherz Kollégium (ENT hangpult),Dandu:
2024. 10. 21.
"POINT (5.9584304 52.2165987)",Finnegan's Irish pub,Béla:
2024. 10. 24.

"POINT (19.0504723 47.4788332)",Fekete Delfin Bár És Kávézó,Petaki:
2024. 10. 24.
Timi:
2024. 11. 22.
"POINT (4.899967 52.375426)",Amsterdam,Béla:
2024. 10. 25.

"POINT (4.899222 52.376808)",Amsterdam Centraal,Béla:
2024. 10. 25.

"POINT (18.3109528 46.0882395)",Kaccen+Sári esküvője (csokor),Lina:
2024. 10. 25.

"POINT (4.6418674 52.3840233)",Haarlem,Béla:
2024. 10. 26.

"POINT (4.3204742 52.0789405)",Hága,Béla:
2024. 10. 27.

"POINT (4.3076951 52.0771507)",Grote of Sint-Jacobskerk,Béla:
2024. 10. 27.

"POINT (4.3078816 52.0789229)",Sixpence Public House,Béla:
2024. 10. 27.

"POINT (19.0356723 47.5138372)",Manyi - Kulturális Műhely,Buci:
2024. 10. 27.

"POINT (5.9392161 52.211608)",Holland adóhivatal (Belastingdienst),Béla:
2024. 10. 31.
"POINT (19.060685 47.505804)",Vault 51 - Gamer Bar,Buci:
2024. 11. 02.
"POINT (18.870156 47.860961)",Márianosztra, Őri telep bálatraktor,Dandu:
2024. 11. 02.
2024. 11. 02.

"POINT (105.8507062 21.0313202)",The Note Coffee,Béla:
2024. 11. 08.
2024. 11. 08.
2024. 11. 08.

"POINT (105.852037 21.033866)",Hanoi,Béla:
2024.11. 09.

"POINT (105.8354974 21.0436741)",Hanoi,Béla:
2024. 11. 09.
2024. 11. 09.

"POINT (105.064359 22.989185)",Quản Bạ District,Béla:
2024. 11. 10.

"POINT (105.2748467 23.1217616)",H'mong coffee,Béla:
2024. 11. 11.

"POINT (105.259945 23.105065)",Điểm ngắm cua chữ M,Béla:
2024. 11. 11.
2024. 11. 11.

"POINT (105.416715 23.228422)",Mèo Vạc,Béla:
2024. 11. 11.

"POINT (105.361731 23.279445)",Đồng Văn,Béla:
2024. 11. 11.
2024. 11. 11.

"POINT (105.3222182 23.3825604)",Northernmost Point of Vietnam,Béla:
2024. 11. 12.
2024. 11. 12.

"POINT (105.0200054 23.0786152)",Lung Khuy Cave(Hang Lùng Khúy),Béla:
2024. 11. 13.
2024. 11. 13.

"POINT (105.854518 21.0334664)",Cafe Giảng,Béla:
2024. 11. 14.

"POINT (105.8441995 21.0302592)",Vasút utca,Béla:
2024. 11. 14.

"POINT (105.8467312 21.0301691)",Đông Tây Barbershop,Béla:
2024. 11. 16.

"POINT (19.0573967 47.487022)",Fővám tér M,Petaki:
2024. 11. 22.

"POINT (19.134745 47.488465)",GoGo Hami Junior,Buci:
2024. 11. 24.
"POINT (135.5258546 34.6872571)",Osaka Castle,Béla:
2024. 09. 18.
"POINT (4.4579418 52.0697149)",SnowWorld,Béla:
2024. 12. 02.

"POINT (24.9329932 60.1685732)",Semifinal,Lina:
2024. 12. 13.
"POINT (100.4987129 13.7627757)",Bangkok Norarat Sathan Bridge mellet,Enci&Havi&Domca:
2024. 12. 18.
2024. 12. 18.
"POINT (99.503372 14.0403054)",Kanchanaburi River Khwae Bridge,Enci&Havi&Domca:
2024. 12. 19.
"POINT (100.4938082 13.7610944)",Bangkok hippi koktélpult,Enci&Havi&Domca:
2024. 12. 19.
2024. 12. 19.
"POINT (19.0715366 47.4891904)",🤏🏻,Timi:
2024. 12. 19.
"POINT (19.1005233 47.474202)",MVM Dome,Timi&Felcser&Alfi&Petaki:
2024. 12. 20.
"POINT (19.953434 49.2940487)",Zakopane,Buci:
2024. 12. 21.
"POINT (19.933368 49.3064486)",Gubalowka felvonó genyó,Buci:
2024. 12. 22.
"POINT (19.9467962 49.2978943)",Gubalowka,Buci:
2024. 12. 22.
"POINT (105.124134 10.706924)",Chau Doc,Domca&Enci&Havi:
2024. 12. 26.

"POINT (19.0578966 47.4977897)",Központ,Buci&Petaki:
2024. 12. 28.
Lina:
2025. 03. 07.
"POINT (19.0541608 47.4985273)",Akvárium Klub,Buci:
2024. 12. 28.
"POINT (104.9275104 11.5649583)",Phnom Penh,Domca&Enci&Havi:
2024. 12. 26.
"POINT (105.7870115 10.031539)",Can Tho market,Domca&Enci&Havi:
2024. 12. 29.
"POINT (104.9315511 11.5674179)",Phnom Penh riverside pad,Domca&Enci:
2024. 12. 26.
"POINT (19.1220006 47.4936582)",HUNGEXPO,Buci:
2024. 12. 31.
"POINT (106.6816295 10.7919867)",Ho Chi Minh City,Domca:
2024. 12. 31.
"POINT (103.9623963 10.2145214)",Phu Quoc,Enci&Havi:
2025. 01. 01.
"POINT (17.5856345 48.3777284)",Nagyszombat,ZsG:
2025. 01. 02.
"POINT (19.1597784 48.7333084)",Besztercebánya,ZsG:
2025. 01. 02.
"POINT (18.7428709 49.2247502)",Zsolna,ZsG:
2025. 01. 03.
"POINT (21.2644562 48.7190532)",Kassa,ZsG:
2025. 01. 03.
"POINT (106.6979571 10.7802455)",Notre Dame cathedral of Saigon,Enci&Havi:
2025. 01. 05.
"POINT (19.0617398 47.4919771)",Bródy Italintézet,Petaki:
2025. 01. 09.
"POINT (6.150704 46.200362)",Genf,Dandu:
2025. 01. 25.
"POINT (10.991905 45.438321)",Veronai random utca,Kopasz:
2025. 01. 25.
"POINT (10.993796 45.43957)",Arena di Verona,Kopasz:
2025. 01. 25.
2025. 01. 25.
"POINT (10.998519 45.442035)",Rágós fal,Kopasz:
2025. 01. 25.
"POINT (10.978697 45.442165)",Basilica di San Zeno Maggiore,Kopasz:
2025. 01. 25.
"POINT (11.907447148924813 46.51688405176909)",Alta badia siterep - Pralongiá II. Sífelvonó alja
,Bajusz:
2025. 01. 27.
"POINT (0.11775000000000001 52.204638888888894)",King's Collage Chapel,Enci:
2025. 01. 27.

"POINT (11.8127504 46.4783794)",Refuge Sass Becè 7-es asztal,Bajusz:
2025. 01. 29.
"POINT (13.7261835 47.3692349)",Schladming,Domca:
2025. 01. 31.
2025. 01. 31.
"POINT (13.7242523 47.3748928)",Schladming,Domca:
2025. 01. 31.
2025. 01. 31.
"POINT (6.574326 44.4858966)",Les Orres: Coqs és edelweiss 2 pálya közti wc,Kopasz:
2025. 02. 01.
"POINT (6.5753637 44.4775056)",Les Orres: Fontaines felvonó teteje,Kopasz:
2025. 02. 01.

"POINT (6.5758723 44.4888116)",Les Orres: Hütte, aminek Kopasz nem tudja a nevét,Kopasz:
2025. 02. 01.
2025. 02. 01.
"POINT (6.5716682 44.4682831)",Les Orres: Pousterle felvonó teteje,Kopasz:
2025. 02. 01.
2025. 02. 01. 
"POINT (6.5756446 44.4886171)",Les Orres: Kopasz nem tudja a nevét hütte sörcsapja,Kopasz:
2025. 02. 01.
"POINT (6.5856707 44.4766802)",Les Orres: Cretes felvonó teteje,Kopasz:
2025. 02. 01.
"POINT (6.5849894 44.4763156)",Les Orres: Cretes felvonó teteje, de a másik oldalt,Kopasz:
2025. 02. 01.
2025. 02. 01.
"POINT (6.5792787 44.4673531)",Les Orres: Genepi felvonó teteje,Kopasz:
2025. 02. 01.
2025. 02. 01.
2025. 02. 01.
2025. 02. 01.
"POINT (-7.994306 31.624027)",Koutoubia,Béla&Nubcake&ZsG:
2025. 02. 01. 
"POINT (-7.986496 31.631731)",Marrakech,Béla&Nubcake&ZsG:
2025. 02. 01.
"POINT (-7.984717 31.620416)",Tinsmiths square,Béla&Nubcake&ZsG:
2025. 02. 02.
"POINT (-7.999799 31.640058)",Marrakech,Béla&Nubcake&ZsG:
2025. 02. 02.
"POINT (-7.438721 31.489818)",Cafe restaurant tiziait barka,Béla&Nubcake&ZsG:
2025. 02. 03.
"POINT (-7.3787379 31.3197564)",Tizi Tishka - Panoramic View,Béla&Nubcake&ZsG:
2025. 02. 03.
2025. 02. 03.
"POINT (-6.967423 30.938659)",Atlas studios bejárata Ouarzazate,Béla&Nubcake&ZsG:
2025. 02. 03.
2025. 02. 03.
2025. 02. 03.
"POINT (-5.589904 31.585763)",Todra gorge,Béla&Nubcake&ZsG:
2025. 02. 04.
"POINT (-4.015325 31.068649)",Merzouga,Béla&Nubcake&ZsG:
2025. 02. 04.
"POINT (-4.012481 31.068695)",Tiharyin tábla,Béla&Nubcake&ZsG:
2025. 02. 05.
2025. 02. 05.
"POINT (-4.9736165 34.0651253)",Al Attarine Madrasa,Béla&Nubcake&ZsG:
2025. 02. 06.
"POINT (-4.984505 34.061372)",Fez blue gate,Béla&Nubcake&ZsG:
2025. 02. 06.
"POINT (-6.582254 34.251259)",Kenitra vasútállomás,Béla&Nubcake&ZsG:
2025. 02. 07.
"POINT (-5.807244 35.788452)",Tanger,Béla&Nubcake&ZsG:
2025. 02. 07.
2025. 02. 07.
"POINT (18.0627939 59.316913)",Drop Coffee,Lina:
2025. 02. 08.
"POINT (-5.608937 36.006061)",Kontinentális Európa (kindof) legdélebbi pontja,Béla&Nubcake&ZsG:
2025. 02. 08.
2025. 02. 08.
"POINT (-4.4257179 36.7145988)",Avenida del Comandante Benítez,ZsG:
2025. 02. 09.
"POINT (19.0401037 47.5040973)",Kassa (Hajó),Buci:
2025. 02. 15.
"POINT (18.2276182 46.0763182)",Retro Music Club,Buci:
2025. 02. 23.
"POINT (18.2250493 46.0723647)",Monte Cristo,Buci:
2025. 02. 23.
"POINT (12.5715925 55.6825427)",Norreport,Domca&Béla&Kecso&Buci&Klau:
2025. 03. 07.
"POINT (19.0349776 47.5135668)",Dugattyús ház,Lina:
2025. 03. 17.
"POINT (19.0362376 47.5146959)",Bem Cinema,Petaki:
2025. 03. 27.
2025. 03. 27.
"POINT (60.3590098 41.3790481)",Terrassa Cafe & Restaurant,Béla:
2025. 03. 28.
"POINT (64.411752 39.777486)",Bukhara,Béla:
2025. 03. 30.
"POINT (64.428726 39.794169)",Ancient and eternal Bukhara complex,Béla:
2025. 03. 31.
"POINT (66.976735 39.654352)",Registan square,Béla:
2025. 04. 02.
"POINT (66.9472306 39.6598925)",Joseph beer,Béla:
2025. 04. 02.
"POINT (66.9526232 39.6562555)",Samarkand ciqány disco,Béla:
2025. 04. 03.
"POINT (69.2911106 41.3119403)",Vm Bar, Rock Club,Béla:
2025. 04. 04.
"POINT (108.942215 34.257874)",Zhouglou,Béla:
2025. 04. 13.
"POINT (109.2801801 34.3859613)",Agyaghadsereg melletti ajándékbolt,Béla:
2025. 04. 14.
"POINT (112.4303601 34.6726605)",Luoyang,Béla:
2025. 04. 16.
"POINT (112.4802934 34.5546831)",Xiangshan temple,Béla:
2025. 04. 17.
"POINT (112.4786075 34.5519121)",Longmen grottoes,Béla:
2025. 04. 16.
"POINT (120.6320297 31.32075)",Suzhou,Béla:
2025. 04. 17.
"POINT (120.09378 30.24768)",Hangzhou,Béla:
2025. 04. 18.
"POINT (120.101749 30.222803)",Longjingcan,Béla:
2025. 04. 19.
2025. 04. 19.
"POINT (18.8878064 47.588849)",Nagykovácsi, nagy szénás tanösvény,Timi:
2025. 04. 19.
"POINT (19.1029287 47.4759719)",Cinema Hall Budapest,Buci:
2025. 04. 20.
"POINT (2.1534983 41.4135554)",Park Güell,Timi:
2025. 04. 23.
"POINT (2.1611668 41.4181551)",Bunkers del carmel,Timi:
2025. 04. 23.
"POINT (2.161284 41.419277)",Barcelona bunkers,Buci:
2023. 04. 08.
"POINT (2.169688 41.379063)",Barceló Raval skybar,Buci:
2023. 06. 01.
"POINT (2.791972 41.670641)",Blanes,Buci:
2023. 06. 03.

"POINT (2.806799 41.677032)",Cami de Ronda,Buci:
2023. 06. 03.
2023. 06. 03.
"POINT (2.167242 41.364144)",Castell de Montjuïc
,Buci:
2023. 06. 17.
"POINT (2.1192227 41.4215457)",Tibidabo,Timi:
2025. 04. 24.
2025. 04. 24.
"POINT (12.649779 55.629767)",Koppenhágai repülőtér kettes vágányra vezető ajtó melletti oszlop,Béla:
2025. 04. 24.
"POINT (2.1494767 41.3742192)",Plaça d'Espanya,Timi:
2025. 04. 25.
"POINT (2.1676108 41.3634624)",Castell de Montjuïc
,Timi:
2025. 04. 25.
"POINT (1.8057489 41.2332937)",Sitges,Timi:
2025. 04. 25.
"POINT (2.1771279 41.3762636)",Monument a Colom,Timi:
2025. 04. 26.
"POINT (2.1771226 41.3807319)",Plaça de George Orwell
,Timi:
2025. 04. 26.
"POINT (16.6066846 49.1956326)",Stopkova Plzeňská Pivnice,Bajusz:
2025. 04. 26.
"POINT (2.1654385 41.3919066)",Casa Battló,Timi:
2025. 04. 26.
"POINT (2.1738811 41.402921)",Sagrada Família,Timi:
2025. 04. 26.
"POINT (19.0664778 47.4901574)",Kis Fecske Presszó,Petaki:
2025. 04. 26.
"POINT (19.0646116 47.4812492)",Pavilon Bar,Timi:
2025. 04. 30.
"POINT (73.6537479 5.3363604)",Jawakara Islands Maldives (Domca sziget),Domca:
2025. 05. 02.
2025. 05. 02.
"POINT (18.8651397 47.5517496)",Csergezán Pál-kilátó,Buci:
2025. 05. 03.
"POINT (19.2164914 47.6228558)",Fót somlyó tanösvény
,Timi:
2025. 05. 03.
"POINT (15.644199 46.559157)",Stolna župnija Maribor,Dandu:
2025. 05. 04.
"POINT (3.2248051 51.2085945)",Bruges,Zsg:
2025. 05. 15.
"POINT (3.2293676 51.2087633)",Meebrug,Zsg:
2025. 05. 15.
"POINT (19.061984 47.5041498)",Oktogon buszmegálló,Domca:
2025. 05. 15.
"POINT (19.0675789 47.4901226)",Mixát,Domca:
2025. 05. 15.
"POINT (19.0639972 47.4960537)",Illegal Pub & Club,Domca:
2025. 05. 15.
"POINT (3.2241326 51.2110666)",Kibaszott sültkrumpli múzeum,ZsG:
2025. 05. 16.
"POINT (4.353539 50.836718)",Brüsszeli igazságügyi palota,ZsG:
2025. 05. 16.
"POINT (4.3834433 50.8428626)",Soros HQ,ZsG:
2025. 05. 16.
"POINT (19.0581227 47.4980972)",Telep,Domca:
2025. 05. 16.
2025. 05. 16.
Timi:
2025. 05. 27.
"POINT (6.130244 49.609516)",Luxemburg cathedral,ZsG:
2025. 05. 16.
"POINT (19.0585636 47.4990028)",Aether,Domca:
2025. 05. 17.
"POINT (6.1351176 49.6078254)",Fontaine aux Colombes,ZsG:
2025. 05. 17.
"POINT (6.1332028 49.6001732)",Luxembourg főpályaudvar,ZsG:
2025. 05. 17.
"POINT (23.7742223 47.6726872)",Bodi tó,Buci:
2025. 05. 17.
"POINT (23.5883382 46.7702651)",Szent Mihály templom,Buci:
2025. 05. 18.
"POINT (19.0461562 47.4996504)",PONTOON,Petaki:
2025. 05. 26.
"POINT (19.0692007 47.498715)",Klub Vittula,Lina:
2025. 06. 01.
"POINT (22.0718944 48.231147)",Kisvárdai Vár,Den:
2025. 06. 15.
"POINT (37.3957815 -2.7332489)",Amboseli,Klau:
2025. 06. 18.
2025. 06. 18.
"POINT (17.8738229 47.2635393)",Zirci apátság,Timi:
2025. 06. 24.
"POINT (17.6782779 47.2849848)",Hubertlaki-tó (Gyilkos tó),Timi:
2025. 06. 25.
"POINT (24.9576709 60.1882035)",Solmu Pub,Lina:
2025. 07. 05.
"POINT (25.4683862 65.0179007)",Linnansaari aluljáró,Lina:
2025. 07. 10.
"POINT (29.15178 66.16538)",Ruka egyik hegycsúcsa,Lina:
2025. 07. 15.
"POINT (25.4767119 65.0127262)",Paska Kaupunni - graffiti,Lina:
2025. 07. 16.
"POINT (25.846563 66.54356)",Rovaniemi mikulásfalu,Lina:
2025. 07. 19.
"POINT (17.3278122 46.7143402)",Tekergő Kerékpáros Pihenő- és Sátorozóhely,Timi:
2025. 07. 19.
"POINT (13.7249256 45.5491617)",Koper kikötő,ZsG, TL;DR Bandi:
2025. 07. 20.
"POINT (13.7771462 45.6571241)",Trieszt-Opitzfalva villamos végállomása,ZsG, TL;DR Bandi:
2025. 07. 20.
"POINT (25.4712457 65.0101137)",Mango Karaoke Bar,Lina:
2025. 07. 23.
"POINT (12.5729877 55.6829365)",IKONO Copenhagen,Béla, Fló, Ambrus:
2025. 08. 16.
"POINT (19.0560466 47.5021279)",Beer People - Bar and Specialty Beer Store,Petaki:
2025. 08. 21.
"POINT (73.6449995 5.3217602)",Jawakara Islands Maldives (Enci sziget),Enci&Havi:
2025. 08. 24.
"POINT (18.6007863 47.8279444)",Béla,Buci:
2025. 08. 28.
"POINT (114.169477 22.293092)",Victoria Bay Hong Kong,Béla:
2025. 09. 19.
"POINT (114.175494 22.299588)",Hong Kong vese sikátor,Béla:
2025. 09. 19.
Enci&Havi:
2026. 04. 03.
"POINT (114.1551611 22.2826307)",Hong Kong Pottinger Street,Béla:
2025. 09. 20.
"POINT (114.1501999 22.2839729)",Man Mo Temple,Béla:
2025. 09. 20.
"POINT (113.939905 22.289277)",Tung Chung,Béla:
2025. 09. 21.
"POINT (8.7186488 40.8722773)",Szardínia,Enci&Havi:
2025. 09. 21.
"POINT (110.290655 25.275517)",Guilin,Béla:
2025. 09. 22.
"POINT (110.52365 24.92117)",20 Yuan Pattern Viewing Platform,Béla:
2025. 09. 23.
"POINT (110.294505 25.286067)",Solitary beauty peak,Béla:
2025. 09. 25.
"POINT (110.126295 25.747662)",Mi squish falunk,Béla:
2025. 09. 26.
"POINT (110.149707 25.816094)",Longji rizsföldek,Béla:
2025. 09. 26.
2025. 09. 26.
"POINT (113.240821 23.113223)",Guangzhou,Béla:
2025. 09. 27.
"POINT (113.987847 22.539518)",Oct Loft,Béla:
2025. 09. 30.
"POINT (114.078705 22.542894)",Shenzen,Béla:
2025. 10. 01.
"POINT (113.539614 22.196863)",Macau,Béla:
2025. 10. 02.
"POINT (114.185234 22.281031)",Causeway Bay Donki,Béla:
2025. 10. 04.
"POINT (18.0746083 59.3294415)",Stockholm Strömkajen,ZsG:
2025. 10. 06.
"POINT (20.092938 49.24136)",Ręka Timiego zamarzła patak,Timi:
2025. 10. 07.
"POINT (20.071226 49.201169)",Morskie Oko,Timi:
2025. 10. 07.
"POINT (19.8231199 49.3518255)",Chochołowskie Termy,Timi:
2025. 10. 07.
"POINT (19.9425244 49.2629177)",Czerwona Przełęcz,Timi:
2025. 10. 08.
"POINT (19.952099 49.294793)",Zakopane de Timi,Béla:
2025. 10. 09.
"POINT (18.9336009 47.7841056)",Juliánus Kilátó,Buci:
2025. 10. 11.
"POINT (12.32727 45.431035)",Velence,Kaccen & Sári:
2025. 10. 18.
"POINT (18.938187 47.474256)",Budaörsi kopárok,Timi:
2025. 10. 23.
"POINT (19.9553883 47.8433953)",Sás-tói-kilátó,Dandu:
2025. 10. 27.
"POINT (12.6002656 55.6728205)",Café Nemoland,Domca:
2025. 11. 07.
"POINT (12.5436841 55.6709309)",Cafe Ludwigsen,Béla:
2025. 11. 07.
"POINT (139.7399379 35.6746656)",Hie Shrine,Béla&Kecso&Lilla:
2025. 11. 15.
"POINT (139.73285 35.6764056)",Róka Shrine,Béla&Kecso&Lilla:
2025. 11. 15.
"POINT (139.701419 35.693479)",Shinjuku,Béla:
2025. 11. 15. 
2025. 11. 15.
2025. 11. 15.
"POINT (139.699471 35.693375)",Omoide Yokocho,Béla:
2025. 11. 15.
"POINT (19.0661591 47.5010499)",Palazzo Permanens,Buci:
2025. 11. 15.
"POINT (139.757913 35.665736)",Shinbashi,Béla:
2025. 11. 16.
"POINT (139.8721009 37.652207)",Ramen Shrine,Béla:
2025. 11. 17.
"POINT (139.953705 37.504592)",Sazaedo Temple,Béla:
2025. 11. 18.
"POINT (139.7080627 36.8230028)",Tateiwa Viewpoint,Béla:
2025. 11. 19.
"POINT (139.6040034 36.75337)",Shinkyō Bridge,Béla:
2025. 11. 19.
"POINT (140.855346 38.25245)",Miyagiken Gokoku Shrine,Béla:
2025. 11. 20.
"POINT (141.063479 38.368507)",Matsushima,Béla:
2025. 11. 21.
"POINT (12.4763968 41.8989846)",Pantheon,Buci:
2025. 11. 22.
"POINT (12.4869313 41.8931009)",Roman Forum,Buci:
2025. 11. 22.
"POINT (12.461211 41.891663)",Piazza Giuseppe Garibaldi,Buci:
2025. 11. 24.
"POINT (12.5942102 55.6729387)",Church of Our Saviour,Domca:
2025. 12. 01.
2025. 12. 01.
2025. 12. 01.
"POINT (12.4755174 41.89026)",Tevere folyó, Ponte Garibaldi alatt
,ZsG:
2025. 12. 20.
"POINT (12.455431666666666 41.901851388888886)",Vatikán,ZsG:
2025. 12. 20.

"POINT (12.3418057 45.4423493)",Ponte Panada,ZsG:
2025. 12. 22.
"POINT (18.6874776 45.9998283)",Mohács,ZsG:
2025. 12. 26.
"POINT (18.5968528 45.7655663)",Pélmonostor vasútállomás,ZsG:
2025. 12. 26.
"POINT (16.4678031 46.6175544)",Rédics vasútállomás,ZsG:
2025. 12. 28.
"POINT (85.3566744 27.6991915)",Tribhuvan International Airport,Felcser:
2026. 01. 31.
"POINT (12.559481 55.6686736)",Bodega Danza,Béla:
2026. 02. 04.
"POINT (19.062032 47.4940825)",Könyvtár Klub & Treffort Kert,Petaki:
2026. 02. 19.
"POINT (19.063611 47.4924638)",Altair Teaház,ZsG:
2026. 02. 22.
"POINT (19.8604595 41.3497926)",BUNK'ART 1,ZsG:
2026. 03. 08.
"POINT (19.9048039 41.3681958)",Dajti libegő,ZsG:
2026. 03. 08.
"POINT (12.588939 55.680111)",Nyhavn,Alfi&Béla&Timi:
2026. 03. 14.

"POINT (19.076054 47.4940733)",Auróra,Timi:
2026. 03. 21.
"POINT (13.2265542 46.564287)",Troghöhe,Den:
2026. 03. 22.
"POINT (106.53804 29.55369)",Liziba Viewing Platform,Béla:
2026. 03. 26.
"POINT (106.578795 29.565213)",Qiansimen Bridge,Béla:
2026. 03. 26. 
2026. 03. 26.
"POINT (106.575636 29.552835)",Deyi Fashion Mall,Béla:
2026. 03. 28.
"POINT (106.45168 29.579389)",Ciqikou, Chongqing,Béla:
2026. 03. 28.
"POINT (104.081185 30.645264)",Chengdu Anshun bridge,Béla:
2026. 03. 31.
"POINT (6.957465282768094 50.942484570510175)",Kölni dóm,Buci:
2026. 04. 01.
"POINT (104.240851 28.083992)",Yanjin kilátó,Béla:
2026. 04. 01.
"POINT (114.2627147 30.6177005)",Huanan Seafood Fishery Wholesale Market bezárt épülete,Béla:
2026. 04. 03.
"POINT (124.0106594 9.6327562)",Loboc,Enci&Havi:
2026. 04. 06.
"POINT (19.1298895 47.7822199)",Szúnyog Kettő Pub,Petaki:
2026. 04. 08.
"POINT (124.5019754 9.7501774)",Anda útszéli villanyoszlop,Enci&Havi:
2026. 04. 09.
"POINT (123.9776029 10.3156037)",Cebu reptér,Enci&Havi:
2026. 04. 11.
"POINT (120.2024946 11.9984557)",Coron,Enci&Havi:
2026. 04. 13.
"POINT (-9.167093 38.716097)",Mercado de Campo de Ourique,Petaki:
2026. 04. 15.
"POINT (-9.1436864 38.7260092)",AMO Brewery,Petaki:
2026. 04. 15.
"POINT (120.9850971 14.5244963)",Manila,Enci&Havi:
2026. 04. 15.
"POINT (-9.1042658 38.7389269)",Fermentage,Petaki:
2026. 04. 16.

"POINT (-9.1055264 38.7380077)",Dois Corvos Marvila Taproom,Petaki:
2026. 04. 16.

"POINT (-9.1340805 38.709405)",Outro Lado Craft Beer,Petaki:
2026. 04. 16.
"POINT (-9.13627929952933 38.707068493985794)",Lisboa o betűje,Petaki:
2026. 04. 17.
"POINT (19.0440464 47.4779176)",Kalács Bár,Timi:
2026. 04. 18.
"POINT (-87.6242971 41.8883654)",Trump tower Chicago,Bende:
2026. 04. 26.
"POINT (24.9587232 60.1831968)",Post Bar,Lina:
2026. 04. 28.
"POINT (24.9576696 60.1676172)",Allas melletti híd,Lina:
2026. 04. 28.

"POINT (24.9373193 60.1667431)",Bar Loose,Lina:
2026. 04. 25.
"POINT (26.0856504 44.4447085)",J'ai Bistrot,Buci:
2026. 05. 01.
"POINT (9.994264 53.550526)",Hamburg városháza,Béla:
2026. 05. 09.
"POINT (9.963784 53.562932)",Sternschanze,Béla:
2026. 05. 10.
"POINT (9.9654574 53.5500097)",Boutique Bizarre,Béla:
2026. 05. 10.
"POINT (24.95168 60.21063)",Käpylä városrész,Lina:
2026. 05. 12.
"POINT (13.542117 55.936891)",Höör vasútállomás,Béla:
2026. 05. 16.
"POINT (32.8386025 39.94197583333333)",Millet Bahçesi Skatepark,ZsG:
2026. 05. 23.
"POINT (42.04202055555555 37.947941388888886)",Tillo Tabiat Parkı,ZsG:
2026. 05. 26.
"POINT (41.95117416666667 37.898495)",Botan Vadisi Milli Parkı,ZsG:
2026. 05. 26.
"POINT (43.716065 38.346269722222225)",Zernek Barajı,ZsG:
2026. 05. 29.
"POINT (12.5563952 55.6678686)",Fermentoren,Domca:
2026. 06. 04.
"POINT (19.0487523 47.4949227)",DUNYI - Dunai Nyitott Műhely,Timi:
2026. 06. 27.
